,bin_centres,average_attention
0,5.25,0.023219003671619026
1,5.75,0.0019806878673544054
2,6.25,0.0008080055952934859
3,6.75,0.00046191346816435786
4,7.25,0.0003146524347716009
5,7.75,0.00023700997676265833
6,8.25,0.00019028500952821125
7,8.75,0.00015780265053254568
8,9.25,0.00013113986010363765
9,9.75,0.00010731832199043711
10,10.25,8.668304183053662e-05
11,10.75,7.196353467507767e-05
12,11.25,5.9831237515364666e-05
13,11.75,4.9893819876692015e-05
14,12.25,4.202352516079018e-05
15,12.75,3.576805121475716e-05
16,13.25,3.087343434762482e-05
17,13.75,2.706732175091899e-05
18,14.25,2.4059631411044636e-05
19,14.75,2.163624132398007e-05
20,15.25,1.9643953708418453e-05
21,15.75,1.797476406681682e-05
22,16.25,1.654221182275223e-05
23,16.75,1.5268255444739536e-05
24,17.25,1.4091313162694874e-05
25,17.75,1.2949202550521698e-05
26,18.25,1.1853899721957822e-05
27,18.75,1.0808219572646652e-05
28,19.25,9.852393591470696e-06
29,19.75,8.951624165962633e-06
30,20.25,8.086031106270493e-06
31,20.75,7.264634139985081e-06
32,21.25,6.4950227870826825e-06
33,21.75,5.777394399194032e-06
34,22.25,5.118063361415833e-06
35,22.75,4.5283736566089e-06
36,23.25,4.017525928416858e-06
37,23.75,3.581830097220444e-06
38,24.25,3.2192902762912486e-06
39,24.75,2.9292065903005453e-06
40,25.25,2.7172248156189235e-06
41,25.75,2.575393246514405e-06
42,26.25,2.5001212503381608e-06
43,26.75,2.4850469227043414e-06
44,27.25,2.5326108914324212e-06
45,27.75,2.626683482900699e-06
46,28.25,2.7412154643323633e-06
47,28.75,2.843836239730216e-06
48,29.25,2.904688505233207e-06
49,29.75,2.9088213088498017e-06
50,30.25,2.8261899436805725e-06
51,30.75,2.7131173718962866e-06
52,31.25,2.6608886778719325e-06
53,31.75,4.7813273315540735e-06
54,32.25,0.0001181515881147506
55,32.75,5.33208759748298e-06
56,33.25,3.0832022611303296e-06
57,33.75,3.0815448040850573e-06
58,34.25,3.1544241180414947e-06
59,34.75,3.1581252357165226e-06
60,35.25,3.1979119299345453e-06
61,35.75,3.535580135699909e-06
62,36.25,5.283864626400546e-06
63,36.75,5.760293918457885e-05
64,37.25,0.00030387559654743553
65,37.75,0.0002575047391797734
66,38.25,0.00012588820337934776
67,38.75,7.634047195975439e-05
68,39.25,5.277694927488412e-05
69,39.75,3.633033904518069e-05
70,40.25,2.4477807535927863e-05
71,40.75,1.6800735844947788e-05
72,41.25,1.2206760759127184e-05
73,41.75,9.489801744896549e-06
74,42.25,8.046038035696209e-06
75,42.75,7.3149792177372886e-06
76,43.25,6.945251433363308e-06
77,43.75,6.817482560446142e-06
78,44.25,6.827665707085698e-06
79,44.75,6.967542117805583e-06
80,45.25,7.11545633420546e-06
81,45.75,7.318546643331529e-06
82,46.25,7.540981612722772e-06
83,46.75,7.778056742768427e-06
84,47.25,8.004769414962534e-06
85,47.75,8.097761151504559e-06
86,48.25,8.080634705236437e-06
87,48.75,7.936796109739514e-06
88,49.25,7.620475539177711e-06
89,49.75,7.183961852656479e-06
90,50.25,6.6790821548344244e-06
91,50.75,6.05274236900208e-06
92,51.25,5.453424216395434e-06
93,51.75,4.888957886140632e-06
94,52.25,4.446947844416969e-06
95,52.75,4.029361436744307e-06
96,53.25,3.6673803682825246e-06
97,53.75,3.406214803628522e-06
98,54.25,3.3657883908407294e-06
99,54.75,4.213800808252349e-06
100,55.25,3.780284150241515e-06
101,55.75,2.6897077502844995e-06
102,56.25,2.378846714781308e-06
103,56.75,2.1925413096416287e-06
104,57.25,2.011172281626742e-06
105,57.75,1.834983932081664e-06
106,58.25,1.6484672407160572e-06
107,58.75,1.4836872420126614e-06
108,59.25,1.3315286018730135e-06
109,59.75,1.1771416417961295e-06
110,60.25,1.0424212956624387e-06
111,60.75,9.345457433393224e-07
112,61.25,8.477753758532425e-07
113,61.75,7.763384521997747e-07
114,62.25,7.328632242145657e-07
115,62.75,7.105687140409492e-07
116,63.25,7.041686526665274e-07
117,63.75,7.23862159289974e-07
118,64.25,7.562805361983865e-07
119,64.75,8.120842142992417e-07
120,65.25,8.752504240601044e-07
121,65.75,9.464325352255849e-07
122,66.25,1.016176179237074e-06
123,66.75,1.0733614580061627e-06
124,67.25,1.1304557678133708e-06
125,67.75,1.1889635264097327e-06
126,68.25,1.2454232552177564e-06
127,68.75,1.2798537786942192e-06
128,69.25,1.3260822554864891e-06
129,69.75,1.3865541769581965e-06
130,70.25,1.4679507838858042e-06
131,70.75,1.6510832495520832e-06
132,71.25,2.0391746163761586e-06
133,71.75,2.9846552640675207e-06
134,72.25,4.435284102143145e-06
135,72.75,6.498703016448333e-06
136,73.25,1.0493753252455489e-05
137,73.75,1.7836851611613497e-05
138,74.25,2.7336115867675088e-05
139,74.75,3.919373807908879e-05
140,75.25,6.852793129005893e-05
141,75.75,0.0001565148648121835
142,76.25,0.00048719385563690505
143,76.75,0.0011015606306039151
144,77.25,0.0014143362680515232
145,77.75,0.0015238488922177447
146,78.25,0.000383918315801716
147,78.75,3.221369805571014e-05
148,79.25,1.1005276134899752e-05
149,79.75,9.795613450931114e-06
150,80.25,1.1762791313929588e-05
151,80.75,1.716862725082823e-05
152,81.25,3.304158108293047e-05
153,81.75,9.313779336530923e-05
154,82.25,0.0009668609955904009
155,82.75,0.001904305083955925
156,83.25,0.0004491440957311987
157,83.75,8.574707059778996e-05
158,84.25,2.6245434202830443e-05
159,84.75,1.9066572114577755e-05
160,85.25,2.672967328696278e-05
161,85.75,6.0312123298155995e-05
162,86.25,0.00015164054222270768
163,86.75,8.917552703724231e-05
164,87.25,5.2143455347417824e-05
165,87.75,7.212449315337923e-05
166,88.25,0.00019684917628775745
167,88.75,0.0007639268013116552
168,89.25,0.0011161849774043854
169,89.75,0.000780408900498042
170,90.25,0.0003868143499985468
171,90.75,0.0002384417292583238
172,91.25,0.00018162184459644676
173,91.75,0.00013313375747800278
174,92.25,8.47289547913216e-05
175,92.75,5.501874804835617e-05
176,93.25,3.7695322244195646e-05
177,93.75,2.4823671643218892e-05
178,94.25,1.6656367375840897e-05
179,94.75,1.0878347702312653e-05
180,95.25,7.554535278925467e-06
181,95.75,5.5168061328126486e-06
182,96.25,4.194022337519717e-06
183,96.75,3.47359077981779e-06
184,97.25,3.145180969640956e-06
185,97.75,2.899527507738191e-06
186,98.25,2.783894593271064e-06
187,98.75,2.663510958360537e-06
188,99.25,2.4934176413720436e-06
189,99.75,2.3799372707681472e-06
190,100.25,2.279504299203448e-06
191,100.75,2.1345814963204284e-06
192,101.25,2.123011507520886e-06
193,101.75,2.2391103190174605e-06
194,102.25,2.2935742349319987e-06
195,102.75,2.42988953084186e-06
196,103.25,2.42890973076292e-06
197,103.75,2.5368233685780043e-06
198,104.25,2.7810340769742447e-06
199,104.75,3.1521266053180153e-06
200,105.25,3.0812572667636805e-06
201,105.75,2.8361631626119453e-06
202,106.25,2.871095597191084e-06
203,106.75,2.8639160697165877e-06
204,107.25,2.937030186516686e-06
205,107.75,2.9455205304769127e-06
206,108.25,3.012546179949473e-06
207,108.75,3.120750369129636e-06
208,109.25,3.2485097446266054e-06
209,109.75,3.3320956402672775e-06
210,110.25,3.1484719394894554e-06
211,110.75,3.1417457922560966e-06
212,111.25,3.1797785009968138e-06
213,111.75,3.4551835345305892e-06
214,112.25,4.4358141786526045e-06
215,112.75,7.810988730117305e-06
216,113.25,1.2254997495763804e-05
217,113.75,1.2770027697076152e-05
218,114.25,1.4500299815973311e-05
219,114.75,1.5852942445558223e-05
220,115.25,1.2902250456034128e-05
221,115.75,1.2037444995837911e-05
222,116.25,1.5952862225363958e-05
223,116.75,2.5895598643096505e-05
224,117.25,3.510127854927479e-05
225,117.75,5.023401396941899e-05
226,118.25,5.123842968423319e-05
227,118.75,5.222306543406494e-05
228,119.25,6.396087844823153e-05
229,119.75,7.664573932039863e-05
230,120.25,6.322691457651806e-05
231,120.75,5.923445432446407e-05
232,121.25,5.759556317489333e-05
233,121.75,5.3420233532463855e-05
234,122.25,4.052907018369001e-05
235,122.75,3.62941178448641e-05
236,123.25,3.711300982557779e-05
237,123.75,3.097261560451016e-05
238,124.25,2.9085402243097842e-05
239,124.75,2.342468554870621e-05
240,125.25,2.4377667559495553e-05
241,125.75,3.576572425254878e-05
242,126.25,2.5564285963735528e-05
243,126.75,1.7711176753212402e-05
244,127.25,1.739426394494135e-05
245,127.75,1.446286717667288e-05
246,128.25,1.2536097411183347e-05
247,128.75,1.1131533067680537e-05
248,129.25,1.1189438475968342e-05
249,129.75,1.1167261734849355e-05
250,130.25,1.1806500613553182e-05
251,130.75,1.059373068006695e-05
252,131.25,9.183279550378433e-06
253,131.75,9.1638048195358e-06
254,132.25,9.696669586202799e-06
255,132.75,1.0237288036136467e-05
256,133.25,9.182788314019632e-06
257,133.75,9.294148209818187e-06
258,134.25,1.075991449909919e-05
259,134.75,1.4133394749298563e-05
260,135.25,1.7293389452097276e-05
261,135.75,1.7025043490792382e-05
262,136.25,1.5667738725728288e-05
263,136.75,1.5789472035634912e-05
264,137.25,1.4299132099892534e-05
265,137.75,1.469428478150591e-05
266,138.25,1.6192677483608496e-05
267,138.75,1.787098547162941e-05
268,139.25,1.6260463788468025e-05
269,139.75,1.7120928986649216e-05
270,140.25,1.8258749850858022e-05
271,140.75,1.7033765527106147e-05
272,141.25,1.4537820424530351e-05
273,141.75,1.1991811043982136e-05
274,142.25,1.1943291185945961e-05
275,142.75,1.2546900806726332e-05
276,143.25,1.3261345002234757e-05
277,143.75,1.6133509477176995e-05
278,144.25,1.5198501081566687e-05
279,144.75,1.6182933196574013e-05
280,145.25,1.7961276890187637e-05
281,145.75,1.818275436488943e-05
282,146.25,2.5293978390016912e-05
283,146.75,1.8838388991236166e-05
284,147.25,2.0797536733717642e-05
285,147.75,2.1711319765422263e-05
286,148.25,1.6669695604286163e-05
287,148.75,1.6467921606670993e-05
288,149.25,1.713234610452056e-05
289,149.75,1.640637927907586e-05
290,150.25,1.6947528765543512e-05
291,150.75,1.7387795930017435e-05
292,151.25,1.792249534673265e-05
293,151.75,2.1241156623278727e-05
294,152.25,3.088534609158305e-05
295,152.75,2.5978881501927555e-05
296,153.25,2.5272240581263517e-05
297,153.75,2.344765603244671e-05
298,154.25,2.170853807986488e-05
299,154.75,2.8085992341659392e-05
300,155.25,3.626952466094567e-05
301,155.75,2.8835106401860834e-05
302,156.25,2.6838503465947778e-05
303,156.75,4.2415451843933796e-05
304,157.25,5.112972821727588e-05
305,157.75,4.045522215232974e-05
306,158.25,7.662917605957434e-05
307,158.75,5.556497713695705e-05
308,159.25,5.70789174488869e-05
309,159.75,4.219959664745056e-05
310,160.25,3.866164442391529e-05
311,160.75,4.1800102607120425e-05
312,161.25,4.363563514706441e-05
313,161.75,6.459247363795326e-05
314,162.25,6.636339943112945e-05
315,162.75,7.126284298480694e-05
316,163.25,7.768384264832744e-05
317,163.75,7.389169274688549e-05
318,164.25,7.574469144077954e-05
319,164.75,7.843511160914997e-05
320,165.25,6.513565723028081e-05
321,165.75,5.9586201997249536e-05
322,166.25,5.307104684623155e-05
323,166.75,6.867918525590042e-05
324,167.25,8.106372377741e-05
325,167.75,8.479453049313187e-05
326,168.25,8.051423264209711e-05
327,168.75,6.985216740694823e-05
328,169.25,7.428049392348883e-05
329,169.75,8.684872497919666e-05
330,170.25,8.163697017637564e-05
331,170.75,8.521339966555754e-05
332,171.25,0.00010502518533852654
333,171.75,0.0001153671747244837
334,172.25,0.00010259286033364914
335,172.75,9.106394757425029e-05
336,173.25,9.008108749033982e-05
337,173.75,0.00011893799769811579
338,174.25,0.00012435470401629765
339,174.75,0.00011353029033456538
340,175.25,0.00011022618943208522
341,175.75,0.00010683515498640754
342,176.25,0.00010794058147221279
343,176.75,0.00010986028721189189
344,177.25,0.00010180168680619384
345,177.75,0.00010412919993815011
346,178.25,0.00010814192056469127
347,178.75,0.00010242442593493158
348,179.25,0.00010309509091730487
349,179.75,0.0001138559857880562
350,180.25,0.00013951127180339805
351,180.75,0.00015886709400569034
352,181.25,0.00015518956695553278
353,181.75,0.00014865274580059827
354,182.25,0.00014290088596381469
355,182.75,0.00014265122328364102
356,183.25,0.00014120971161489895
357,183.75,0.00017547370719482063
358,184.25,0.00017420063998810993
359,184.75,0.00018646835495626576
360,185.25,0.0002003688013766932
361,185.75,0.0002211418224411708
362,186.25,0.00034609975304285653
363,186.75,0.00042225050067310485
364,187.25,0.00043505498421679345
365,187.75,0.0004944596764777528
366,188.25,0.00043509990204276274
367,188.75,0.00046711105176910016
368,189.25,0.0004833074244470607
369,189.75,0.0005075462448254292
370,190.25,0.0005087202437829813
371,190.75,0.00047931996955107985
372,191.25,0.0005016918307524188
373,191.75,0.0006150837293094341
374,192.25,0.0007528221582737164
375,192.75,0.0009058154138713615
376,193.25,0.000869604119745653
377,193.75,0.0010286603545164087
378,194.25,0.0011595562009864956
379,194.75,0.0011914058567613415
380,195.25,0.001277982933482974
381,195.75,0.001347268027650948
382,196.25,0.0016446404457148465
383,196.75,0.0015245020764116574
384,197.25,0.0016658836120804195
385,197.75,0.001741650010466913
386,198.25,0.001800728849736444
387,198.75,0.0016988511159815786
388,199.25,0.0016235205729918465
389,199.75,0.002069749219864854
390,200.25,0.0022557644559164413
391,200.75,0.002791116312134433
392,201.25,0.0031800064301675253
393,201.75,0.0033956759976144853
394,202.25,0.003319679944043851
395,202.75,0.0035565472047300504
396,203.25,0.0035782836894513643
397,203.75,0.0034539041760830416
398,204.25,0.003191177133376657
399,204.75,0.0030604849470524035
400,205.25,0.0026929683916844505
401,205.75,0.0027854198889251036
402,206.25,0.002495343140149407
403,206.75,0.002168717086891345
404,207.25,0.0015243743686179484
405,207.75,0.0014633928452705747
406,208.25,0.0014967588003428022
407,208.75,0.0015131605345502209
408,209.25,0.0014767863792033333
409,209.75,0.0013379645924230447
410,210.25,0.0010332066917774886
411,210.75,0.0009510099679881966
412,211.25,0.0008072152719999856
413,211.75,0.0007983201346404214
414,212.25,0.0008938767662136955
415,212.75,0.0009395325767421813
416,213.25,0.0008246133824242667
417,213.75,0.0009347675304215341
418,214.25,0.0010326112703398914
419,214.75,0.0009168175071133772
420,215.25,0.000740767513495737
421,215.75,0.0007630410067019197
422,216.25,0.0013448480145614428
423,216.75,0.001849050133659026
424,217.25,0.002181191383287479
425,217.75,0.0018315273556255547
426,218.25,0.0010506234337339688
427,218.75,0.0007599295729748395
428,219.25,0.000738600018688181
429,219.75,0.0005799225217219349
430,220.25,0.0006142209835877327
431,220.75,0.00043959218135803237
432,221.25,0.00022688379963009924
433,221.75,0.00015534450575765458
434,222.25,9.606012456801438e-05
435,222.75,7.997173187511718e-05
436,223.25,9.493743466712455e-05
437,223.75,0.0001394686224304201
438,224.25,0.00021883707998365573
439,224.75,0.0002703412891078971
440,225.25,0.0002640458468150869
441,225.75,0.0002820759666605851
442,226.25,0.00025796828590967513
443,226.75,0.00022854875150212992
444,227.25,0.00020797270446919102
445,227.75,0.0002172104807378444
446,228.25,0.00026362773137916226
447,228.75,0.0003329406340765636
448,229.25,0.0004349011253073453
449,229.75,0.00048477638906422536
450,230.25,0.0004345352081233178
451,230.75,0.0004163015373845298
452,231.25,0.0004532107030163397
453,231.75,0.00045513962215131107
454,232.25,0.0005096101960313351
455,232.75,0.0006301903650721011
456,233.25,0.0006501893859502539
457,233.75,0.0005439500458602804
458,234.25,0.0004929926459754134
459,234.75,0.0005219304898130707
460,235.25,0.0005720451597620772
461,235.75,0.0005759414338094675
462,236.25,0.0006743697724609918
463,236.75,0.0006494476955107001
464,237.25,0.0006202719080504708
465,237.75,0.0005529996028861452
466,238.25,0.0005288120984445346
467,238.75,0.0005753243586055906
468,239.25,0.0003672781436721424
469,239.75,0.00036140919540897517
470,240.25,0.00031883865584473133
471,240.75,0.00033639996649569346
472,241.25,0.00039084031996733083
473,241.75,0.00046929080833269605
474,242.25,0.00045556303528133143
475,242.75,0.0003334500264082212
476,243.25,0.00023055704594201546
477,243.75,0.0001885566648181675
478,244.25,0.00020170069146527303
479,244.75,0.00027822330171392584
480,245.25,0.00017681728495986548
481,245.75,0.00019085047571152503
482,246.25,4.8919722022613075e-05
483,246.75,7.248838500951265e-05
484,247.25,0.00011474198526630933
485,247.75,0.00011196494343432559
486,248.25,9.099648432850935e-05
487,248.75,2.825485131942171e-05
488,249.25,1.417262193962602e-05
489,249.75,1.3748634799126533e-05
490,250.25,2.7778255794395872e-05
491,250.75,5.541076386715422e-05
492,251.25,5.823328284240379e-05
493,251.75,0.00017544558648085852
494,252.25,0.00026873898380038575
495,252.75,6.366403159086432e-05
496,253.25,0.0001318501595355772
497,253.75,3.080366470270213e-05
498,254.25,0.0002700457282402011
499,254.75,0.00040640840511322056
500,255.25,0.0003912339835839505
501,255.75,0.0003206301829535111
502,256.25,0.0008123316506582686
503,256.75,0.0010148360548387335
504,257.25,0.0008130222200451667
505,257.75,0.0002892160198625291
506,258.25,0.00030424478979097254
507,258.75,0.00044890531390544004
508,259.25,0.00023660540297419752
509,259.75,0.00026528935365021874
510,260.25,0.000354134778546221
511,260.75,0.0002789207057517066
512,261.25,0.00022992730382865315
513,261.75,0.00018035657584323755
514,262.25,0.00010218515623692674
515,262.75,0.0001542828493229518
516,263.25,0.00011852492132996418
517,263.75,0.00013291078868479203
518,264.25,0.00010412093008852615
519,264.75,0.00013589041849782927
520,265.25,0.00016797192654992394
521,265.75,0.0002014493454259698
522,266.25,0.00046750617502506076
523,266.75,0.000652749424929053
524,267.25,0.0009206355074654687
525,267.75,0.0011092092378448516
526,268.25,0.0015098893667453341
527,268.75,0.0020641854305887123
528,269.25,0.002396284971728404
529,269.75,0.001989252161921139
530,270.25,0.0017965913158011005
531,270.75,0.0011079670098708924
532,271.25,0.001145047890368224
533,271.75,0.0011093794798420892
534,272.25,0.00074737804143458
535,272.75,0.0005557085356078786
536,273.25,0.0003092642519731435
537,273.75,0.00017525038925551674
538,274.25,7.158847117070698e-05
539,274.75,8.770645951149952e-05
540,275.25,4.9796368601181535e-06
541,275.75,3.605245805544223e-06
542,276.25,5.981341753896044e-06
543,276.75,3.7558123197203865e-05
544,277.25,5.939876506056198e-05
545,277.75,0.00010621102092085084
546,278.25,0.0002254295029828456
547,278.75,0.0005042004096754261
548,279.25,0.0005304632431240705
549,279.75,0.0003461445270664532
550,280.25,0.00025562594586276847
551,280.75,0.0001494222946451273
552,281.25,6.483246958515604e-05
553,281.75,2.499955751308371e-05
554,282.25,1.6029340000217168e-05
555,282.75,1.5742867913591808e-05
556,283.25,1.8291894698189174e-05
557,283.75,2.0901618863659373e-05
558,284.25,2.272135979394388e-05
559,284.75,2.4786347878447274e-05
560,285.25,2.925084380643213e-05
561,285.75,3.5546293117359894e-05
562,286.25,4.2736843350687684e-05
563,286.75,5.1836626476318944e-05
564,287.25,6.389074631068345e-05
565,287.75,8.029127856499648e-05
566,288.25,0.00010377876137808331
567,288.75,0.00013415571111693094
568,289.25,0.00016943914924808816
569,289.75,0.0002123329013017031
570,290.25,0.00024486607954890094
571,290.75,0.00026793222120145084
572,291.25,0.00029755872394444385
573,291.75,0.00035476330017658
574,292.25,0.0004915709181656589
575,292.75,0.0006826168702911568
576,293.25,0.0009543129970482661
577,293.75,0.0012443138526168351
578,294.25,0.001285539653194309
579,294.75,0.001089306342966864
580,295.25,0.0007290289374860949
581,295.75,0.00046951216464964884
582,296.25,0.00033763642316938716
583,296.75,0.00025010248769516196
584,297.25,0.00018539667848062072
585,297.75,0.00014061336983985909
586,298.25,0.00011638705273144703
587,298.75,0.00012143234603442266
588,299.25,0.00013131753181747143
589,299.75,8.667902142814577e-05
590,300.25,0.00015912474622587663
591,300.75,6.76248960572208e-05
592,301.25,0.0001347344464195942
593,301.75,0.00011675360835239255
594,302.25,0.00016618681526323653
595,302.75,0.0001880776364281517
596,303.25,0.0001597542307451447
597,303.75,0.0001222611728080241
598,304.25,2.5674939946008344e-05
599,304.75,7.772762565002975e-05
600,305.25,0.00034448460113228354
601,305.75,0.00046284403539908505
602,306.25,0.00026700539607352577
603,306.75,0.00011595198766798032
604,307.25,7.272198160518785e-05
605,307.75,0.0001713522500824232
606,308.25,0.0004954993769078994
607,308.75,0.0003494212761724223
608,309.25,9.990360333525388e-05
609,309.75,3.2824263272862085e-05
610,310.25,2.3063715465339124e-05
611,310.75,2.4238979574257095e-05
612,311.25,3.384177566320083e-05
613,311.75,5.288955793190068e-05
614,312.25,6.474568190300104e-05
615,312.75,7.4199239778389e-05
616,313.25,0.0001051987448288636
617,313.75,0.00012084694520023773
618,314.25,0.00011930652077641698
619,314.75,0.00011327672959488782
620,315.25,0.00011059189982581423
621,315.75,0.00010826927817467626
622,316.25,0.00011607792946763134
623,316.75,0.0001240572321035242
624,317.25,0.00013302620189182139
625,317.75,0.00014951519573697713
626,318.25,0.00017110253440706828
627,318.75,0.0001974296862097659
628,319.25,0.0002293114475951567
629,319.75,0.00027218956249615056
630,320.25,0.00032448877311121995
631,320.75,0.00038412729288981933
632,321.25,0.0004524788134715108
633,321.75,0.0005430266235105501
634,322.25,0.0006501043330779572
635,322.75,0.000764069648558082
636,323.25,0.0008851395140672119
637,323.75,0.0010279506249197003
638,324.25,0.0011525853868004368
639,324.75,0.001232524044483707
640,325.25,0.0012502659156175188
641,325.75,0.0012520142971904908
642,326.25,0.0012945693594463763
643,326.75,0.0013684158661658853
644,327.25,0.0013725655671570998
645,327.75,0.00122002789685221
646,328.25,0.0009663988610345932
647,328.75,0.0007559974131005671
648,329.25,0.0007616703828834302
649,329.75,0.0005099961470129598
650,330.25,0.000471562491269011
651,330.75,0.00045204926963509403
652,331.25,0.00040702338052581936
653,331.75,0.00038584491460688663
654,332.25,0.0003748527459852552
655,332.75,0.00036207785772341663
656,333.25,0.00035050530615341564
657,333.75,0.0003171995711423919
658,334.25,0.000286020585415264
659,334.75,0.00036734233511191765
660,335.25,0.00029258784863276516
661,335.75,0.0003052314018435812
662,336.25,0.0003091900523778165
663,336.75,0.00032362325515479854
664,337.25,0.0003429380165141698
665,337.75,0.0003449218530355994
666,338.25,0.00032904829247596486
667,338.75,0.0003185819694793193
668,339.25,0.00034116268104979197
669,339.75,0.0004039575255498798
670,340.25,0.0004536412974276171
671,340.75,0.000503180416686811
672,341.25,0.0005798842686303257
673,341.75,0.0007268544601050092
674,342.25,0.000967098927535052
675,342.75,0.0013634884332525568
676,343.25,0.0017273287937934413
677,343.75,0.001886649130762887
678,344.25,0.001885590258393224
679,344.75,0.0017545964833435455
680,345.25,0.0016836382423690687
681,345.75,0.0016175092405323393
682,346.25,0.0016776940657931554
683,346.75,0.00203866605378951
684,347.25,0.0019454150510328815
685,347.75,0.001480945988520169
686,348.25,0.0011788035878027127
687,348.75,0.0009215181356607051
688,349.25,0.0006162566298871759
689,349.75,0.00037407470606987483
690,350.25,0.00020992109046531667
691,350.75,0.00010589980148129568
692,351.25,4.4962919667104557e-05
693,351.75,1.8128403801691408e-05
694,352.25,9.359472992023813e-06
695,352.75,6.833781966290155e-06
696,353.25,5.922592455736163e-06
697,353.75,4.85133368179361e-06
698,354.25,3.5902250945418255e-06
699,354.75,2.6299648124449964e-06
700,355.25,2.093311311493467e-06
701,355.75,1.814559385120835e-06
702,356.25,1.6855534486225638e-06
703,356.75,1.815482022250396e-06
704,357.25,1.0804361002885656e-05
705,357.75,0.0002887386897479911
706,358.25,0.0016742477496329365
707,358.75,0.0010828617225445538
708,359.25,0.00034076258400056914
709,359.75,0.00013333631616039
710,360.25,6.26370839645725e-05
711,360.75,3.2860040458116804e-05
712,361.25,1.8381461688878513e-05
713,361.75,1.0753089271108587e-05
714,362.25,7.430495398424296e-06
715,362.75,6.805615503658751e-06
716,363.25,7.562060273725684e-06
717,363.75,8.986439558501988e-06
718,364.25,1.068270155089079e-05
719,364.75,1.244890127089941e-05
720,365.25,1.4386991318570494e-05
721,365.75,1.6281769648468288e-05
722,366.25,1.9162020224332114e-05
723,366.75,2.425430579414806e-05
724,367.25,3.2937992086770245e-05
725,367.75,4.5976935314897006e-05
726,368.25,6.360322694608391e-05
727,368.75,8.335820783601329e-05
728,369.25,0.00010322380187859408
729,369.75,0.00011543157734145494
730,370.25,0.00011296964637387072
731,370.75,9.705274729803519e-05
732,371.25,7.90028986742746e-05
733,371.75,6.670041963112922e-05
734,372.25,6.030440263195458e-05
735,372.75,5.2841689023286266e-05
736,373.25,4.893933728197655e-05
737,373.75,4.6159332166123454e-05
738,374.25,4.6662889073743766e-05
739,374.75,5.2008460525643276e-05
740,375.25,6.32672491549873e-05
741,375.75,7.500206610096437e-05
742,376.25,8.376018014548234e-05
743,376.75,8.42191376924369e-05
744,377.25,7.809127416586699e-05
745,377.75,7.396627848657267e-05
746,378.25,7.937923917584902e-05
747,378.75,0.00010492358972941089
748,379.25,0.00013314707688380874
749,379.75,0.00013974979564709088
750,380.25,0.00011776866522815604
751,380.75,8.221458761226849e-05
752,381.25,5.045671944317379e-05
753,381.75,3.0042883579947294e-05
754,382.25,4.1870174729330584e-05
755,382.75,7.715647913534389e-05
756,383.25,1.0025036460531964e-05
757,383.75,4.874966768497959e-06
758,384.25,4.634265495413223e-06
759,384.75,5.816770155083085e-06
760,385.25,3.537530454172757e-05
761,385.75,0.00026541893228862896
762,386.25,0.0005043435698961762
763,386.75,0.0004439635355998967
764,387.25,0.0003544510682660834
765,387.75,0.00036417309458253866
766,388.25,0.000431493032485173
767,388.75,0.0003214298239071999
768,389.25,0.00010494192734587992
769,389.75,2.8645736545654523e-05
770,390.25,1.318092566203533e-05
771,390.75,1.1695616135592764e-05
772,391.25,1.3930333986769441e-05
773,391.75,2.5005456913884666e-05
774,392.25,9.916994147214949e-05
775,392.75,0.0009840465713516712
776,393.25,0.001364358954264998
777,393.75,0.0006351078962919446
778,394.25,0.0004583458001761417
779,394.75,0.00037347608099623226
780,395.25,0.0003218948993040988
781,395.75,0.00030958572727780956
782,396.25,0.0002622827492741051
783,396.75,0.0001894183948089208
784,397.25,0.0001299864654524616
785,397.75,8.452736150740397e-05
786,398.25,4.858810863297273e-05
787,398.75,2.673012513866186e-05
788,399.25,1.6539171024628946e-05
789,399.75,1.1672861524469514e-05
790,400.25,1.0202285629209624e-05
791,400.75,1.0367137399525638e-05
792,401.25,1.1391277801023082e-05
793,401.75,1.251391692722684e-05
794,402.25,1.331948811592705e-05
795,402.75,1.2882080040181364e-05
796,403.25,1.2827105472806508e-05
797,403.75,1.2291097591029634e-05
798,404.25,1.1165229510549382e-05
799,404.75,9.506344922995546e-06
800,405.25,8.460267242664035e-06
801,405.75,6.964371306780048e-06
802,406.25,5.6684720767108215e-06
803,406.75,4.9720785584171296e-06
804,407.25,3.993696593166643e-06
805,407.75,3.446413151836342e-06
806,408.25,3.1937786439377696e-06
807,408.75,2.912724095967186e-06
808,409.25,2.7471551864893093e-06
809,409.75,3.038239280743401e-06
810,410.25,3.240227693274504e-06
811,410.75,3.651763107261103e-06
812,411.25,3.846336449396684e-06
813,411.75,4.103232911863252e-06
814,412.25,4.335364537816102e-06
815,412.75,4.16838695213936e-06
816,413.25,3.884549266719043e-06
817,413.75,3.3837562729568507e-06
818,414.25,2.7483047215922794e-06
819,414.75,2.205072166525855e-06
820,415.25,1.8587564354803593e-06
821,415.75,2.0181010821227754e-06
822,416.25,4.667712784395299e-05
823,416.75,9.556556705126464e-05
824,417.25,3.319564309008463e-06
825,417.75,2.10893486056243e-06
826,418.25,1.9923124867887843e-06
827,418.75,1.953785324980649e-06
828,419.25,1.9208930765943228e-06
829,419.75,1.985008525718312e-06
830,420.25,2.1090938360191386e-06
831,420.75,2.3339173545751314e-06
832,421.25,2.635273739635678e-06
833,421.75,2.884602820475731e-06
834,422.25,2.914503030156586e-06
835,422.75,2.86772996969396e-06
836,423.25,2.789008773102818e-06
837,423.75,2.6712534853742165e-06
838,424.25,2.5396450891813538e-06
839,424.75,2.4421344422849932e-06
840,425.25,2.343065189225554e-06
841,425.75,2.2847233031992533e-06
842,426.25,2.288221596141942e-06
843,426.75,2.472476373031069e-06
844,427.25,2.748202992426696e-06
845,427.75,3.432957159240438e-06
846,428.25,5.003352424503643e-06
847,428.75,7.429655779134997e-06
848,429.25,1.025377718017845e-05
849,429.75,1.5126996599227041e-05
850,430.25,2.251193099113602e-05
851,430.75,3.279759263218099e-05
852,431.25,4.892130349122984e-05
853,431.75,7.083401456719052e-05
854,432.25,0.00011671242239928625
855,432.75,0.0001817681415530004
856,433.25,0.00041070343216124863
857,433.75,0.0009033070179033853
858,434.25,0.000527046226289817
859,434.75,7.958770865222224e-05
860,435.25,1.5235970894432837e-05
861,435.75,9.302323038065253e-06
862,436.25,1.1174352477945635e-05
863,436.75,1.7448786164643303e-05
864,437.25,3.190570809837362e-05
865,437.75,6.507063554703317e-05
866,438.25,0.000134178122967955
867,438.75,0.000272603245165624
868,439.25,0.0005538794977012492
869,439.75,0.000912394190717462
870,440.25,0.0010006382593300705
871,440.75,0.0008718857144859497
872,441.25,0.000669686088565445
873,441.75,0.0005344525559069699
874,442.25,0.00040699889274954497
875,442.75,0.00031832652301242673
876,443.25,0.0002596148974032798
877,443.75,0.00023441828620808885
878,444.25,0.00021503816217929224
879,444.75,0.00019470073588650342
880,445.25,0.00013957195697384935
881,445.75,0.00010107470535502415
882,446.25,8.270018979062071e-05
883,446.75,7.47559006455056e-05
884,447.25,7.146634465679157e-05
885,447.75,7.356773913041327e-05
886,448.25,8.6458403691593e-05
887,448.75,0.0001189777085419833
888,449.25,0.00024154824401834225
889,449.75,0.007773584260541482
